Workbook

Sheet Summary_WhatIf
A1: What-If Simulation: Profit Recovery 2023
A3: Asumsi Dasar:
A4: 1. Bikes margin improvement: 1%, 5%, 10%
A5: 2. Pacific returns reduction: 10%, 20%, 30%
A6: 3. Non-Bikes volume growth: 10% (konservatif)
A8: Hasil Simulasi: | B8: Skenario | C8: Margin Bikes | D8: Returns Pacific | E8: Profit 2023 | F8: VS 2022 | G8: VS 2021
B9: Skenario 1 | C9: +1% | D9: -10% | E9: =WhatIf_Calculation!B21 -> 3690735 | F9: =WhatIf_Calculation!B23 -> 0.021874276 | G9: ✅ Kembali ke 2021
B10: Skenario 2 | C10: +5% | D10: -20% | E10: =WhatIf_Calculation!C21 -> 3854486.3 | F10: =WhatIf_Calculation!C23 -> 0.067213007 | G10: +4.4% di atas 2021
B11: Skenario 3 | C11: +10% | D11: -30% | E11: =WhatIf_Calculation!D21 -> 4056093.2 | F11: =WhatIf_Calculation!D23 -> 0.12303303 | G11: +9.9% di atas 2021
A13: Insight Utama:
A14: 1. Skenario 1 sudah cukup untuk mengembalikan profit ke level 2021.
A15: - Hanya butuh margin Bikes naik 1% + returns Pacific turun 10%.
A16: - Sangat realistis dalam 1 tahun.
A17: 2. Skenario 2 (paling direkomendasikan):
A18: - Margin +5% (target achievable dengan audit Road-250).
A19: - Returns -20% (quality control Pacific).
A20: - Profit naik 6.72% → 3,854,486.
A21: 3. Skenario 3 terlalu agresif (butuh margin +10% + returns -30%).
A23: Rekomendasi Final:
A24: 1. Short-term (Q1-Q2): Fokus pada Road-250 (penyebab utama). Target margin +5%.
A25: 2. Medium-term (Q3-Q4): Kurangi returns Pacific 20% via quality control.
... A27: 4. Catatan: Tidak perlu perubahan besar. Perbaikan kecil sudah berdampak signifikan.

Sheet WhatIf_Baseline
A1: Item | B1: Value | C1: Source
A2: Total Profit 2022 | B2: 3611731 | C2: overall_metrics.csv
A3: Bikes Profit 2022 | B3: 3477544 | C3: top_drivers_dec.csv (Bikes 2022)
A4: Bikes Profit 2021 | B4: 3647021 | C4: top_drivers_dec.csv (Bikes 2021)
A5: Road-250 Profit 2022 | B5: 255681 | C5: 201,446 + 54,235 (02_bikes_model_and_colour.xlsx)
A6: Road-250 Profit 2021 | B6: 782523 | C6: 492,423 + 290,100 (02_bikes_model_and_colour.xlsx)
A7: Mountain-200 Profit 2022 | B7: 1366646 | C7: 682,941 + 683,705
A8: Mountain-200 Profit 2021 | B8: 1570398 | C8: 798,965 + 771,433
A9: Pacific Returns Value 2022 | B9: 277297 | C9: overall_metrics.csv
A10: Pacific Sales Qty 2022 | B10: 1944835 | C10: dec_by_territory.csv
A11: Pacific Returns Qty 2022 | B11: 972 | C11: overall_metrics.csv
A12: Volume Growth 2022 | B12: 0.25 | C12: overall_metrics.csv

Sheet WhatIf_Input
A1: Variable | B1: Current | C1: Scenario 1 | D1: Scenario 2 | E1: Scenario 3
A2: Bikes Margin Improvement | B2: 0 | C2: 0.02 | D2: 0.05 | E2: 0.1
A3: Pacific Returns Reduction | B3: 0 | C3: -0.1 | D3: -0.2 | E3: -0.3
A4: Volume Growth 2023 | B4: 25% (actual 2022) | C4: 0.1 | D4: 0.1 | E4: 0.1

Sheet WhatIf_Calculation
A1: Component | B1: Skenario 1 | C1: Skenario 2 | D1: Skenario 3
A2: Bikes Impact
A3: Bikes Current Profit | B3: =WhatIf_Baseline!$B$3 -> 3477544 | C3: =WhatIf_Baseline!$B$3 -> 3477544 | D3: =WhatIf_Baseline!$B$3 -> 3477544
A4: Margin Improvement % | B4: 0.010885729 | C4: 0.05 | D4: =WhatIf_Input!E$2 -> 0.1
A5: Bikes New Profit | B5: =B3*(1+B4) -> 3515399.6 | C5: =C3*(1+C4) -> 3651421.2 | D5: =D3*(1+D4) -> 3825298.4
A6: Bikes Profit Gain | B6: =B5-B3 -> 37855.6 | C6: =C5-C3 -> 173877.2 | D6: =D5-D3 -> 347754.4
A7: Pacific Returns Impact
A8: Pacific Returns Current | B8: =WhatIf_Baseline!$B$9 -> 277297 | C8: =WhatIf_Baseline!$B$9 -> 277297 | D8: =WhatIf_Baseline!$B$9 -> 277297
A9: Returns Reduction % | B9: =WhatIf_Input!C$3 -> -0.1 | C9: =WhatIf_Input!D$3 -> -0.2 | D9: =WhatIf_Input!E$3 -> -0.3
A10: Pacific Returns New | B10: =B8*(1+B9) -> 249567.3 | C10: =C8*(1+C9) -> 221837.6 | D10: =D8*(1+D9) -> 194107.9
A11: Returns Savings | B11: =B8-B10 -> 27729.7 | C11: =C8-C10 -> 55459.4 | D11: =D8-D10 -> 83189.1
A12: Volume Impact | B12: =B9-B11 -> -27729.8
A13: Current Profit (Non-Bikes) | B13: =WhatIf_Baseline!$B$2-WhatIf_Baseline!$B$3 -> 134187 | C13: =WhatIf_Baseline!$B$2-WhatIf_Baseline!$B$3 -> 134187 | D13: =WhatIf_Baseline!$B$2-WhatIf_Baseline!$B$3 -> 134187
A14: Volume Growth % | B14: =WhatIf_Input!C4 -> 0.1 | C14: =WhatIf_Input!D4 -> 0.1 | D14: =WhatIf_Input!E4 -> 0.1
A15: New Profit from volume | B15: =B13*(1+B14) -> 147605.7 | C15: =C13*(1+C14) -> 147605.7 | D15: =D13*(1+D14) -> 147605.7
A16: Volume Gain | B16: =B15-B13 -> 13418.7 | C16: =C15-C13 -> 13418.7 | D16: =D15-D13 -> 13418.7
A17: TOTAL PROFIT 2023
A18: Bikes New Profit | B18: =B5 -> 3515399.6 | C18: =C5 -> 3651421.2 | D18: =D5 -> 3825298.4
A19: Non-Bikes New Profit | B19: =B15 -> 147605.7 | C19: =C15 -> 147605.7 | D19: =D15 -> 147605.7
A20: Pacific Returns Savings | B20: =B11 -> 27729.7 | C20: =C11 -> 55459.4 | D20: =D11 -> 83189.1
A21: Total Profit 2023 | B21: =B18+B19+B20 -> 3690735 | C21: =C18+C19+C20 -> 3854486.3 | D21: =D18+D19+D20 -> 4056093.2
A22: Improvement vs 2022 | B22: =B21-WhatIf_Baseline!$B$2 -> 79004 | C22: =C21-WhatIf_Baseline!$B$2 -> 242755.3 | D22: =D21-WhatIf_Baseline!$B$2 -> 444362.2
A23: Improvement % | B23: =B22/WhatIf_Baseline!$B$2 -> 0.021874276 | C23: =C22/WhatIf_Baseline!$B$2 -> 0.067213007 | D23: =D22/WhatIf_Baseline!$B$2 -> 0.12303303

Sheet WhatIf_Viz
A1: Skenario | B1: Skenario 1 | C1: Skenario 2 | D1: Skenario 3
A2: Total Profit 2023 | B2: =WhatIf_Calculation!B21 -> 3690735 | C2: =WhatIf_Calculation!C21 -> 3854486.3 | D2: =WhatIf_Calculation!D21 -> 4056093.2
A3: Profit 2022 (Baseline) | B3: =WhatIf_Baseline!$B$2 -> 3611731 | C3: =WhatIf_Baseline!$B$2 -> 3611731 | D3: =WhatIf_Baseline!$B$2 -> 3611731
